{"lr": 0.009989084308262066, "data_time": 0.0023314714431762694, "loss": 0.5842235893011093, "decode.loss_ce": 0.41206876635551454, "decode.acc_seg": 89.13421630859375, "aux.loss_ce": 0.17215482145547867, "aux.acc_seg": 89.13421630859375, "time": 0.13273999691009522, "iter": 50, "memory": 4897, "step": 50}
{"lr": 0.00997794446709763, "data_time": 0.0024117946624755858, "loss": 0.5923000991344451, "decode.loss_ce": 0.4191573798656464, "decode.acc_seg": 87.506103515625, "aux.loss_ce": 0.1731427162885666, "aux.acc_seg": 87.506103515625, "time": 0.13143393993377686, "iter": 100, "memory": 883, "step": 100}
{"lr": 0.009966803229875268, "data_time": 0.0029440402984619142, "loss": 0.6047199070453644, "decode.loss_ce": 0.4300053983926773, "decode.acc_seg": 76.43585205078125, "aux.loss_ce": 0.17471451312303543, "aux.acc_seg": 76.43585205078125, "time": 0.13754169940948485, "iter": 150, "memory": 883, "step": 150}
{"lr": 0.009955660594668054, "data_time": 0.00370640754699707, "loss": 0.5891882330179214, "decode.loss_ce": 0.41751316785812376, "decode.acc_seg": 80.86395263671875, "aux.loss_ce": 0.17167505994439125, "aux.acc_seg": 80.90057373046875, "time": 0.1374967336654663, "iter": 200, "memory": 883, "step": 200}
{"lr": 0.00994451655954398, "data_time": 0.002222752571105957, "loss": 0.5774820953607559, "decode.loss_ce": 0.4137620091438293, "decode.acc_seg": 85.2081298828125, "aux.loss_ce": 0.1637200780212879, "aux.acc_seg": 87.96539306640625, "time": 0.132057785987854, "iter": 250, "memory": 883, "step": 250}
